<?xml version="1.0" encoding="UTF-8"?>
<project name="plaunchcontroller" default="all">
  
  
  <property file="pLaunchController.properties"/>
  <!-- Uncomment the following property if no tests compilation is needed -->
  <!-- 
  <property name="skip.tests" value="true"/>
   -->
  
  <!-- Compiler options -->
  
  <property name="compiler.debug" value="on"/>
  <property name="compiler.generate.no.warnings" value="off"/>
  <property name="compiler.args" value=""/>
  <property name="compiler.max.memory" value="700m"/>
  <patternset id="ignored.files">
    <exclude name="**/*.hprof/**"/>
    <exclude name="**/*.pyc/**"/>
    <exclude name="**/*.pyo/**"/>
    <exclude name="**/*.rbc/**"/>
    <exclude name="**/*.yarb/**"/>
    <exclude name="**/*~/**"/>
    <exclude name="**/.DS_Store/**"/>
    <exclude name="**/.git/**"/>
    <exclude name="**/.hg/**"/>
    <exclude name="**/.svn/**"/>
    <exclude name="**/CVS/**"/>
    <exclude name="**/__pycache__/**"/>
    <exclude name="**/_svn/**"/>
    <exclude name="**/vssver.scc/**"/>
    <exclude name="**/vssver2.scc/**"/>
  </patternset>
  <patternset id="library.patterns">
    <include name="*.war"/>
    <include name="*.swc"/>
    <include name="*.apk"/>
    <include name="*.zip"/>
    <include name="*.egg"/>
    <include name="*.ane"/>
    <include name="*.jar"/>
    <include name="*.ear"/>
  </patternset>
  <patternset id="compiler.resources">
    <exclude name="**/?*.java"/>
    <exclude name="**/?*.form"/>
    <exclude name="**/?*.class"/>
    <exclude name="**/?*.groovy"/>
    <exclude name="**/?*.scala"/>
    <exclude name="**/?*.flex"/>
    <exclude name="**/?*.kt"/>
    <exclude name="**/?*.clj"/>
    <exclude name="**/?*.aj"/>
  </patternset>
  
  <!-- JDK definitions -->
  
  <property name="jdk.bin.1.8" value="${jdk.home.1.8}/bin"/>
  <path id="jdk.classpath.1.8">
    <fileset dir="${jdk.home.1.8}">
      <include name="jre/lib/charsets.jar"/>
      <include name="jre/lib/deploy.jar"/>
      <include name="jre/lib/ext/access-bridge-64.jar"/>
      <include name="jre/lib/ext/cldrdata.jar"/>
      <include name="jre/lib/ext/dnsns.jar"/>
      <include name="jre/lib/ext/jaccess.jar"/>
      <include name="jre/lib/ext/jfxrt.jar"/>
      <include name="jre/lib/ext/localedata.jar"/>
      <include name="jre/lib/ext/nashorn.jar"/>
      <include name="jre/lib/ext/sunec.jar"/>
      <include name="jre/lib/ext/sunjce_provider.jar"/>
      <include name="jre/lib/ext/sunmscapi.jar"/>
      <include name="jre/lib/ext/sunpkcs11.jar"/>
      <include name="jre/lib/ext/zipfs.jar"/>
      <include name="jre/lib/javaws.jar"/>
      <include name="jre/lib/jce.jar"/>
      <include name="jre/lib/jfr.jar"/>
      <include name="jre/lib/jfxswt.jar"/>
      <include name="jre/lib/jsse.jar"/>
      <include name="jre/lib/management-agent.jar"/>
      <include name="jre/lib/plugin.jar"/>
      <include name="jre/lib/resources.jar"/>
      <include name="jre/lib/rt.jar"/>
    </fileset>
  </path>
  
  <property name="project.jdk.home" value="${jdk.home.1.8}"/>
  <property name="project.jdk.bin" value="${jdk.bin.1.8}"/>
  <property name="project.jdk.classpath" value="jdk.classpath.1.8"/>
  
  
  <!-- Project Libraries -->
  
  <path id="library.processing.classpath">
    <pathelement location="${basedir}/../../../processing-3.3.7/core/library/core.jar"/>
  </path>
  
  <!-- Modules -->
  
  
  <!-- Module pLaunchController -->
  
  <dirname property="module.plaunchcontroller.basedir" file="${ant.file}"/>
  
  
  <property name="module.jdk.home.plaunchcontroller" value="${project.jdk.home}"/>
  <property name="module.jdk.bin.plaunchcontroller" value="${project.jdk.bin}"/>
  <property name="module.jdk.classpath.plaunchcontroller" value="${project.jdk.classpath}"/>
  
  <property name="compiler.args.plaunchcontroller" value="-encoding UTF-8 -source 1.8 -target 1.8 ${compiler.args}"/>
  
  <property name="plaunchcontroller.output.dir" value="${module.plaunchcontroller.basedir}/out/production/pLaunchController"/>
  <property name="plaunchcontroller.testoutput.dir" value="${module.plaunchcontroller.basedir}/out/test/pLaunchController"/>
  
  <path id="plaunchcontroller.module.bootclasspath">
    <!-- Paths to be included in compilation bootclasspath -->
  </path>
  
  <path id="plaunchcontroller.module.production.classpath">
    <path refid="${module.jdk.classpath.plaunchcontroller}"/>
    <path refid="library.processing.classpath"/>
  </path>
  
  <path id="plaunchcontroller.runtime.production.module.classpath">
    <pathelement location="${plaunchcontroller.output.dir}"/>
    <path refid="library.processing.classpath"/>
  </path>
  
  <path id="plaunchcontroller.module.classpath">
    <path refid="${module.jdk.classpath.plaunchcontroller}"/>
    <pathelement location="${plaunchcontroller.output.dir}"/>
    <path refid="library.processing.classpath"/>
  </path>
  
  <path id="plaunchcontroller.runtime.module.classpath">
    <pathelement location="${plaunchcontroller.testoutput.dir}"/>
    <pathelement location="${plaunchcontroller.output.dir}"/>
    <path refid="library.processing.classpath"/>
  </path>
  
  
  <patternset id="excluded.from.module.plaunchcontroller">
    <patternset refid="ignored.files"/>
  </patternset>
  
  <patternset id="excluded.from.compilation.plaunchcontroller">
    <patternset refid="excluded.from.module.plaunchcontroller"/>
  </patternset>
  
  <path id="plaunchcontroller.module.sourcepath">
    <dirset dir="${module.plaunchcontroller.basedir}">
      <include name="src"/>
    </dirset>
  </path>
  
  
  <target name="compile.module.plaunchcontroller" depends="compile.module.plaunchcontroller.production,compile.module.plaunchcontroller.tests" description="Compile module pLaunchController"/>
  
  <target name="compile.module.plaunchcontroller.production" description="Compile module pLaunchController; production classes">
    <mkdir dir="${plaunchcontroller.output.dir}"/>
    <javac destdir="${plaunchcontroller.output.dir}" debug="${compiler.debug}" nowarn="${compiler.generate.no.warnings}" memorymaximumsize="${compiler.max.memory}" fork="true" executable="${module.jdk.bin.plaunchcontroller}/javac">
      <compilerarg line="${compiler.args.plaunchcontroller}"/>
      <bootclasspath refid="plaunchcontroller.module.bootclasspath"/>
      <classpath refid="plaunchcontroller.module.production.classpath"/>
      <src refid="plaunchcontroller.module.sourcepath"/>
      <patternset refid="excluded.from.compilation.plaunchcontroller"/>
    </javac>
    
    <copy todir="${plaunchcontroller.output.dir}">
      <fileset dir="/">
        <patternset refid="compiler.resources"/>
        <type type="file"/>
      </fileset>
    </copy>
  </target>
  
  <target name="compile.module.plaunchcontroller.tests" depends="compile.module.plaunchcontroller.production" description="compile module pLaunchController; test classes" unless="skip.tests"/>
  
  <target name="clean.module.plaunchcontroller" description="cleanup module">
    <delete dir="${plaunchcontroller.output.dir}"/>
    <delete dir="${plaunchcontroller.testoutput.dir}"/>
  </target>
  
  <target name="init" description="Build initialization">
    <!-- Perform any build initialization in this target -->
  </target>
  
  <target name="clean" depends="clean.module.plaunchcontroller, clean.artifact.processinglib" description="cleanup all"/>
  
  <target name="build.modules" depends="init, clean, compile.module.plaunchcontroller" description="build all modules"/>
  
  <target name="init.artifacts">
    <property name="artifacts.temp.dir" value="${basedir}/__artifacts_temp"/>
    <property name="artifact.output.processinglib" value="${basedir}/out/artifacts"/>
    <mkdir dir="${artifacts.temp.dir}"/>
    <property name="temp.jar.path.pLaunchController.jar" value="${artifacts.temp.dir}/pLaunchController.jar"/>
    <property name="temp.jar.path.pLaunchController.zip" value="${artifacts.temp.dir}/pLaunchController.zip"/>
    <property name="temp.jar.path.pLaunchController.jar2" value="${artifacts.temp.dir}/1/pLaunchController.jar"/>
    <mkdir dir="${artifacts.temp.dir}/1"/>
  </target>
  
  <target name="clean.artifact.processinglib" description="clean processingLib artifact output">
    <delete dir="${artifact.output.processinglib}"/>
  </target>
  
  <target name="artifact.processinglib" depends="init.artifacts, compile.module.plaunchcontroller" description="Build &#39;processingLib&#39; artifact">
    <mkdir dir="${artifact.output.processinglib}"/>
    <jar destfile="${temp.jar.path.pLaunchController.jar}" duplicate="preserve" filesetmanifest="mergewithoutmain">
      <zipfileset file="${basedir}/META-INF/MANIFEST.MF" prefix="META-INF"/>
    </jar>
    <jar destfile="${temp.jar.path.pLaunchController.jar2}" duplicate="preserve" filesetmanifest="mergewithoutmain">
      <zipfileset file="${basedir}/META-INF/MANIFEST.MF" prefix="META-INF"/>
      <zipfileset dir="${plaunchcontroller.output.dir}"/>
    </jar>
    <zip destfile="${temp.jar.path.pLaunchController.zip}">
      <zipfileset dir="${basedir}/reference" prefix="pLaunchController/reference"/>
      <zipfileset dir="/" prefix="pLaunchController/src"/>
      <zipfileset file="${basedir}/export.txt" prefix="pLaunchController/library"/>
      <zipfileset file="${temp.jar.path.pLaunchController.jar2}" prefix="pLaunchController/library"/>
      <zipfileset dir="/resources/examples" prefix="pLaunchController/examples"/>
      <zipfileset file="${basedir}/library.properties" prefix="pLaunchController"/>
    </zip>
    <mkdir dir="${artifact.output.processinglib}/pLaunchController"/>
    <mkdir dir="${artifact.output.processinglib}/pLaunchController/library"/>
    <copy file="${basedir}/export.txt" tofile="${artifact.output.processinglib}/pLaunchController/library/export.txt"/>
    <copy file="${temp.jar.path.pLaunchController.jar}" tofile="${artifact.output.processinglib}/pLaunchController/library/pLaunchController.jar"/>
    <mkdir dir="${artifact.output.processinglib}/pLaunchController/examples"/>
    <copy todir="${artifact.output.processinglib}/pLaunchController/examples">
      <fileset dir="/resources/examples"/>
    </copy>
    <mkdir dir="${artifact.output.processinglib}/pLaunchController/src"/>
    <copy todir="${artifact.output.processinglib}/pLaunchController/src">
      <fileset dir="/"/>
    </copy>
    <mkdir dir="${artifact.output.processinglib}/pLaunchController/reference"/>
    <copy todir="${artifact.output.processinglib}/pLaunchController/reference">
      <fileset dir="${basedir}/reference"/>
    </copy>
    <copy file="${temp.jar.path.pLaunchController.zip}" tofile="${artifact.output.processinglib}/pLaunchController.zip"/>
    <copy file="${basedir}/library.properties" tofile="${artifact.output.processinglib}/library.properties"/>
  </target>
  
  <target name="build.all.artifacts" depends="artifact.processinglib" description="Build all artifacts">
    
    <!-- Delete temporary files -->
    <delete dir="${artifacts.temp.dir}"/>
  </target>
  
  <target name="all" depends="build.modules, build.all.artifacts" description="build all"/>
</project>